"id_produit","type","empreinte","genre","longueur","utilite","matiere","epaisseur","diametre","diametre_etrier","diametre_tube","diametre_int","diametre_ext"
"1","tete fraisée","Hexagonal creux",NULL,"20","Métal","Acier 10.9",NULL,"M5",NULL,NULL,NULL,NULL
"2","tete fraisée","Hexagonal creux",NULL,"20","Métal","Acier 10.9",NULL,"M4",NULL,NULL,NULL,NULL
"3","tete fraisée","Hexagonal creux",NULL,"16","Métal","Acier",NULL,"M3",NULL,NULL,NULL,NULL
"4","tete cylindrique","Hexagonal creux",NULL,"80","Métal","Acier 8.8",NULL,"M6",NULL,NULL,NULL,NULL
"5","tete fraisée","Cruciforme",NULL,"22","Métal","Acier",NULL,"M5",NULL,NULL,NULL,NULL
"6","tete bombée","Hexagonal creux",NULL,"30","Métal","Acier 10.9",NULL,"M12",NULL,NULL,NULL,NULL
"7","Grower",NULL,NULL,NULL,NULL,NULL,"2",NULL,NULL,NULL,"M8","14.5"
"8","Grower",NULL,NULL,NULL,NULL,NULL,"2",NULL,NULL,NULL,"M8","12"
"9","Plate",NULL,NULL,NULL,NULL,NULL,"1",NULL,NULL,NULL,"M6","14"
"10","tete fraisée","Cruciforme",NULL,"80","Bois","Acier ",NULL,"6",NULL,NULL,NULL,NULL
"11","tete fendue","Plat",NULL,"70","Métal","Acier",NULL,"M4",NULL,NULL,NULL,NULL
"12","tete cylindrique","Hexagonal creux",NULL,"30","Métal","Acier 8.8",NULL,"M4",NULL,NULL,NULL,NULL
"13","tete cylindrique","Hexagonal creux",NULL,"50","Métal","Acier 8.8",NULL,"M8",NULL,NULL,NULL,NULL
"14","Pontet rond",NULL,NULL,NULL,NULL,"Plastique",NULL,"9",NULL,NULL,NULL,NULL
"15","Vrac","Vrac",NULL,"Vrac","Métal","Acier",NULL,"M3",NULL,NULL,NULL,NULL
"16","Classique","Hexagonal",NULL,NULL,NULL,"Acier",NULL,"M6",NULL,NULL,NULL,NULL
"17","Nylstop","Hexagonal",NULL,NULL,NULL,"Acier",NULL,"M10",NULL,NULL,NULL,NULL
"18",NULL,"Hexagonal","Femelle-Femelle","30",NULL,"Acier",NULL,NULL,NULL,NULL,"M6","10"
"19",NULL,"Hexagonal","Femelle-Femelle","20",NULL,"Acier",NULL,NULL,NULL,NULL,"M4","7"
"20",NULL,"Hexagonal","Femelle-Femelle","20",NULL,"Acier",NULL,NULL,NULL,NULL,"M5","8"
"21",NULL,"Hexagonal","Femelle-Femelle","20",NULL,"Acier",NULL,NULL,NULL,NULL,"M4","8"
"23",NULL,"Vrac",NULL,"Vrac","Métal","Acier",NULL,"Vrac",NULL,NULL,NULL,NULL
"27","Plate",NULL,NULL,NULL,NULL,NULL,"2.3",NULL,NULL,NULL,"M12","24"
"28","Plate",NULL,NULL,NULL,NULL,NULL,"1.5",NULL,NULL,NULL,"M8","20"
"29","tete cylindrique","Hexagonal creux",NULL,"12","Métal","Acier",NULL,"M4",NULL,NULL,NULL,NULL
"30","tete fraisée","Hexagonal creux",NULL,"20","Métal","Acier",NULL,"M5",NULL,NULL,NULL,NULL
"31","tete hexagonale",NULL,NULL,"30","Métal","Acier 8.8",NULL,"M12",NULL,NULL,NULL,NULL
"32","tete bombée","Plat",NULL,"30","Métal","Acier",NULL,"M4",NULL,NULL,NULL,NULL
"33","tete bombée","Cruciforme",NULL,"16","Métal","Acier",NULL,"M5",NULL,NULL,NULL,NULL
"34","tete bombée","Cruciforme",NULL,"16","Métal","Acier",NULL,"M4",NULL,NULL,NULL,NULL
"35","tete hexagonale",NULL,NULL,"40","Métal","Acier 6.8",NULL,"M6",NULL,NULL,NULL,NULL
"37","tete hexagonale",NULL,NULL,"50","Métal","Acier 6.8",NULL,"M6",NULL,NULL,NULL,NULL
"38","tete hexagonale",NULL,NULL,"60","Métal","Acier 6.8",NULL,"M6",NULL,NULL,NULL,NULL
"39","tete bombée","Cruciforme",NULL,"12","Métal","Acier",NULL,"M3",NULL,NULL,NULL,NULL
"40","Plate",NULL,NULL,NULL,NULL,NULL,"0.8",NULL,NULL,NULL,"M3","10"
"41","Frein","Hexagonal",NULL,NULL,NULL,"Acier",NULL,"M5",NULL,NULL,NULL,NULL
"42","tete hexagonale",NULL,NULL,"30","Métal","Acier 6.8",NULL,"M8",NULL,NULL,NULL,NULL
"43","tete fraisée","Torx",NULL,"30","Bois","Acier ",NULL,"4",NULL,NULL,NULL,NULL
"44","tete fraisée","Cruciforme",NULL,"50","Bois","Acier ",NULL,"4",NULL,NULL,NULL,NULL
