"22";NULL;NULL;NULL;NULL;NULL;NULL;NULL;NULL;"6";"8";NULL;NULL
"24";NULL;"F8-19G";"7";NULL;NULL;NULL;"8";"19";NULL;NULL;NULL;NULL
"36";NULL;NULL;NULL;NULL;NULL;"25";NULL;NULL;NULL;NULL;NULL;NULL
"45";"Linéaire";"LM8UU";"24";NULL;NULL;NULL;"8";"15";NULL;NULL;NULL;NULL
"46";"Linéaire";"TK10UU-SK";"29";NULL;NULL;NULL;"10";"19";NULL;NULL;NULL;NULL
"51";NULL;NULL;"9";NULL;NULL;"M6";"6";NULL;NULL;NULL;"Male";NULL
"75";"Classique";"Vrac";"Vrac";NULL;NULL;NULL;"Vrac";"Vrac";NULL;NULL;NULL;NULL
"76";"Verre";NULL;NULL;NULL;NULL;"16.8";NULL;NULL;NULL;NULL;NULL;NULL
"84";"Classique";"608-ZZ";"7";NULL;NULL;NULL;"8";"22";NULL;NULL;NULL;NULL
"96";"Acier";NULL;NULL;NULL;NULL;"16";NULL;NULL;NULL;NULL;NULL;NULL
"110";"Nema 17";NULL;"7";NULL;NULL;NULL;NULL;NULL;NULL;NULL;NULL;NULL
"122";"GT2";NULL;"16";NULL;"2";NULL;"8";"16";NULL;NULL;NULL;"20"
"123";"GT2";NULL;"16";NULL;"2";NULL;"5";"16";NULL;NULL;NULL;"20"
"124";"Vrac";NULL;"Vrac";NULL;"Vrac";NULL;"Vrac";"Vrac";NULL;NULL;NULL;"Vrac"
