"id_sous_categ","lib_sous_categ","nom_photo"
"2","Rondelle","sous categ-Rondelle.jpg"
"1","Vis métrique","sous categ-Vis métrique.jpg"
"3","Vis à bois","sous categ-Vis à bois.jpg"
"4","Attache cable","sous categ-Attache cable.jpg"
"5","Ecrou","sous categ-Ecrou.jpg"
"6","Entretoise","sous categ-Entretoise.jpg"
"7","Accouplement élastique","sous categ-Accouplement élastique.jpg"
"8","Vis pression","sous categ-Vis pression.jpg"
"9","Buté à billes","sous categ-Buté à billes.jpg"
"10","Fillets rapportés","sous categ-Fillets rapportés.jpg"
"11","Domino","sous categ-Domino.jpg"
"12","Ventouse","sous categ-Ventouse.jpg"
"13","Roulement","sous categ-Roulement.jpg"
