"1";"tete fraisée";"Hexagonal creux";NULL;"20";"Métal";"Acier 10.9";NULL;"M5";NULL;NULL;NULL;NULL
"2";"tete fraisée";"Hexagonal creux";NULL;"20";"Métal";"Acier 10.9";NULL;"M4";NULL;NULL;NULL;NULL
"3";"tete fraisée";"Hexagonal creux";NULL;"16";"Métal";"Acier";NULL;"M3";NULL;NULL;NULL;NULL
"4";"tete cylindrique";"Hexagonal creux";NULL;"80";"Métal";"Acier 8.8";NULL;"M6";NULL;NULL;NULL;NULL
"5";"tete fraisée";"Cruciforme";NULL;"22";"Métal";"Acier";NULL;"M5";NULL;NULL;NULL;NULL
"6";"tete bombée";"Hexagonal creux";NULL;"30";"Métal";"Acier 10.9";NULL;"M12";NULL;NULL;NULL;NULL
"7";"Grower";NULL;NULL;NULL;NULL;NULL;"2";NULL;NULL;NULL;"M8";"14.5"
"8";"Grower";NULL;NULL;NULL;NULL;NULL;"2";NULL;NULL;NULL;"M8";"12"
"9";"Plate";NULL;NULL;NULL;NULL;NULL;"1";NULL;NULL;NULL;"M6";"14"
"10";"tete fraisée";"Cruciforme";NULL;"80";"Bois";"Acier ";NULL;"6";NULL;NULL;NULL;NULL
"11";"tete fendue";"Plat";NULL;"70";"Métal";"Acier";NULL;"M4";NULL;NULL;NULL;NULL
"12";"tete cylindrique";"Hexagonal creux";NULL;"30";"Métal";"Acier 8.8";NULL;"M4";NULL;NULL;NULL;NULL
"13";"tete cylindrique";"Hexagonal creux";NULL;"50";"Métal";"Acier 8.8";NULL;"M8";NULL;NULL;NULL;NULL
"14";"Pontet rond";NULL;NULL;NULL;NULL;"Plastique";NULL;"9";NULL;NULL;NULL;NULL
"15";"Vrac";"Vrac";NULL;"Vrac";"Métal";"Acier";NULL;"M3";NULL;NULL;NULL;NULL
"16";"Classique";"Hexagonal";NULL;NULL;NULL;"Acier";NULL;"M6";NULL;NULL;NULL;NULL
"17";"Nylstop";"Hexagonal";NULL;NULL;NULL;"Acier";NULL;"M10";NULL;NULL;NULL;NULL
"18";NULL;"Hexagonal";"Femelle-Femelle";"30";NULL;"Acier";NULL;NULL;NULL;NULL;"M6";"10"
"19";NULL;"Hexagonal";"Femelle-Femelle";"20";NULL;"Acier";NULL;NULL;NULL;NULL;"M4";"7"
"20";NULL;"Hexagonal";"Femelle-Femelle";"20";NULL;"Acier";NULL;NULL;NULL;NULL;"M5";"8"
"21";NULL;"Hexagonal";"Femelle-Femelle";"20";NULL;"Acier";NULL;NULL;NULL;NULL;"M4";"8"
"23";NULL;"Vrac";NULL;"Vrac";"Métal";"Acier";NULL;"Vrac";NULL;NULL;NULL;NULL
"27";"Plate";NULL;NULL;NULL;NULL;NULL;"2.3";NULL;NULL;NULL;"M12";"24"
"28";"Plate";NULL;NULL;NULL;NULL;NULL;"1.5";NULL;NULL;NULL;"M8";"20"
"29";"tete cylindrique";"Hexagonal creux";NULL;"12";"Métal";"Acier";NULL;"M4";NULL;NULL;NULL;NULL
"30";"tete fraisée";"Hexagonal creux";NULL;"20";"Métal";"Acier";NULL;"M5";NULL;NULL;NULL;NULL
"31";"tete hexagonale";NULL;NULL;"30";"Métal";"Acier 8.8";NULL;"M12";NULL;NULL;NULL;NULL
"32";"tete bombée";"Plat";NULL;"30";"Métal";"Acier";NULL;"M4";NULL;NULL;NULL;NULL
"33";"tete bombée";"Cruciforme";NULL;"16";"Métal";"Acier";NULL;"M5";NULL;NULL;NULL;NULL
"34";"tete bombée";"Cruciforme";NULL;"16";"Métal";"Acier";NULL;"M4";NULL;NULL;NULL;NULL
"35";"tete hexagonale";NULL;NULL;"40";"Métal";"Acier 6.8";NULL;"M6";NULL;NULL;NULL;NULL
"37";"tete hexagonale";NULL;NULL;"50";"Métal";"Acier 6.8";NULL;"M6";NULL;NULL;NULL;NULL
"38";"tete hexagonale";NULL;NULL;"60";"Métal";"Acier 6.8";NULL;"M6";NULL;NULL;NULL;NULL
"39";"tete bombée";"Cruciforme";NULL;"12";"Métal";"Acier";NULL;"M3";NULL;NULL;NULL;NULL
"40";"Plate";NULL;NULL;NULL;NULL;NULL;"0.8";NULL;NULL;NULL;"M3";"10"
"41";"Frein";"Hexagonal";NULL;NULL;NULL;"Acier";NULL;"M5";NULL;NULL;NULL;NULL
"42";"tete hexagonale";NULL;NULL;"30";"Métal";"Acier 6.8";NULL;"M8";NULL;NULL;NULL;NULL
"43";"tete fraisée";"Torx";NULL;"30";"Bois";"Acier ";NULL;"4";NULL;NULL;NULL;NULL
"44";"tete fraisée";"Cruciforme";NULL;"50";"Bois";"Acier ";NULL;"4";NULL;NULL;NULL;NULL
"47";"tête fraisée";NULL;NULL;"8";NULL;"Acier";NULL;"3.2";NULL;NULL;NULL;NULL
"48";"tête large";NULL;NULL;"10";NULL;"Acier";NULL;"4";NULL;NULL;NULL;NULL
"49";"tête bombée";NULL;NULL;"10";NULL;"Acier";NULL;"4";NULL;NULL;NULL;NULL
"50";"tête bombée";"Hexagonal creux";NULL;"60";"Métal";"Acier 10.9";NULL;"M8";NULL;NULL;NULL;NULL
"52";"Pontet";NULL;NULL;NULL;NULL;"Plastique";NULL;"7";NULL;NULL;NULL;NULL
"53";"tête fraisée";"Torx";NULL;"60";"Bois";"Acier ";NULL;"4";NULL;NULL;NULL;NULL
"54";"à expension";NULL;NULL;"40";"Béton";"Plastique";NULL;"6";NULL;NULL;NULL;NULL
"55";"Poelier";"Cruciforme";NULL;"30";"Métal";"Acier";NULL;"M8";NULL;NULL;NULL;NULL
"56";"fileté";NULL;NULL;"13";"Métal";"Acier";NULL;NULL;NULL;NULL;"M5";"7"
"57";"tete cylindrique";"Hexagonal creux";NULL;"16";"Métal";"Acier";NULL;"M3";NULL;NULL;NULL;NULL
"58";"tete fraisée";"Plat";NULL;"15";"Métal";"Acier";NULL;"M6";NULL;NULL;NULL;NULL
"59";"tete fraisée";"Plat";NULL;"20";"Métal";"Acier";NULL;"M6";NULL;NULL;NULL;NULL
"60";"Rayé";NULL;NULL;"35";"Bois";"Bois";NULL;"8";NULL;NULL;NULL;NULL
"61";"à frapper";NULL;NULL;"46";"Béton";"Acier";NULL;"M6";NULL;NULL;NULL;NULL
"62";"tete fendue";"Plat";NULL;"20";"Métal";"Acier";NULL;"M3";NULL;NULL;NULL;NULL
"63";"Cylindrique";NULL;NULL;NULL;"Métal";"Acier";NULL;NULL;"6";"21";NULL;NULL
"66";"tete hexagonale";NULL;NULL;"16";"Métal";"Acier";NULL;"M6";NULL;NULL;NULL;NULL
"67";"tete fraisée";"Plat";NULL;"30";"Métal";"Acier";NULL;"M6";NULL;NULL;NULL;NULL
"68";"tete hexagonale";NULL;NULL;"20";"Métal";"Acier 6.8";NULL;"M6";NULL;NULL;NULL;NULL
"69";"tete fendue";"Plat";NULL;"20";"Métal";"Acier";NULL;"M3";NULL;NULL;NULL;NULL
"70";"tete fendue";"Plat";NULL;"30";"Métal";"Acier";NULL;"M3";NULL;NULL;NULL;NULL
"72";"Bout";NULL;NULL;NULL;"30x30-8";"Plastique";NULL;NULL;NULL;NULL;NULL;NULL
"73";"Equerre";NULL;NULL;NULL;"30x30-8";"Plastique";NULL;NULL;NULL;NULL;NULL;NULL
"77";"tete fendue";"Plat";NULL;"12";"Métal";"Acier";NULL;"M3";NULL;NULL;NULL;NULL
"78";"tete fraisée";"Torx";NULL;"25";"Bois";"Acier";NULL;"4";NULL;NULL;NULL;NULL
"79";"Vrac";"Vrac";NULL;"Vrac";"Bois";"Acier";NULL;"Vrac";NULL;NULL;NULL;NULL
"80";"Tête ronde";"Collet carré";NULL;"60";"Métal";"Acier";NULL;"M6";NULL;NULL;NULL;NULL
"81";"à expension";NULL;NULL;"24";"Béton";"Plastique";NULL;"6";NULL;NULL;NULL;NULL
"82";"tete cylindrique";"Hexagonal creux";NULL;"30";"Métal";"Acier";NULL;"M6";NULL;NULL;NULL;NULL
"83";"tete cylindrique";"Hexagonal creux";NULL;"80";"Métal";"Acier";NULL;"M6";NULL;NULL;NULL;NULL
"85";"tete cylindrique";"Hexagonal creux";NULL;"Vrac";NULL;"Acier";NULL;"Vrac";NULL;NULL;NULL;NULL
"90";"fileté";NULL;NULL;"14";"Métal";"Acier";NULL;NULL;NULL;NULL;"M6";"9"
"91";"tete bombée";"Hexagonal creux";NULL;"16";"Métal";"Acier 10.9";NULL;"M6";NULL;NULL;NULL;NULL
"92";"Plate";NULL;NULL;NULL;NULL;NULL;"0.8";NULL;NULL;NULL;"4";"10"
"93";"A griffe";NULL;NULL;NULL;NULL;"Acier";NULL;"M8";NULL;NULL;NULL;NULL
"94";"Papillon";NULL;NULL;NULL;NULL;"Nylon";NULL;"M8";NULL;NULL;NULL;NULL
"95";"tete cylindrique";"Hexagonal creux";NULL;"120";"Métal";"Acier 8.8";NULL;"M6";NULL;NULL;NULL;NULL
"97";"tete cylindrique";"Hexagonal creux";NULL;"60";"Métal";"Acier 8.8";NULL;"M6";NULL;NULL;NULL;NULL
"98";"tete hexagonale";NULL;NULL;"30";"Métal";"Acier 6.8";NULL;"M6";NULL;NULL;NULL;NULL
"99";"Vrac";NULL;NULL;NULL;NULL;"Vrac";"Vrac";NULL;NULL;NULL;"Vrac";"Vrac"
"100";"tete fraisée";"Hexagonal creux";NULL;"30";"Métal";"Acier 8.8";NULL;"M6";NULL;NULL;NULL;NULL
"101";"tete fraisée";"Hexagonal creux";NULL;"35";"Métal";"Acier 8.8";NULL;"M8";NULL;NULL;NULL;NULL
"104";"tete cylindrique";"Hexagonal creux";NULL;"12";"Métal";"Acier";NULL;"M4";NULL;NULL;NULL;NULL
"105";NULL;"Hexagonal";"Femelle-Femelle";"50";NULL;"Acier";NULL;NULL;NULL;NULL;"M4";"7"
"106";NULL;"Hexagonal";"Vrac";"Vrac";NULL;"Vrac";NULL;NULL;NULL;NULL;"M3";"Vrac"
"107";"tete cylindrique";"Hexagonal creux";NULL;"40";"Métal";"Acier 12.9";NULL;"M4";NULL;NULL;NULL;NULL
"108";"tete cylindrique";"Hexagonal creux";NULL;"16";"Métal";"Acier";NULL;"M4";NULL;NULL;NULL;NULL
"109";"tete fraisée";"Hexagonal creux";NULL;"8";"Métal";"Acier";NULL;"M3";NULL;NULL;NULL;NULL
"111";NULL;"Hexagonal";"Femelle-Femelle";"10";NULL;"Plastique";NULL;NULL;NULL;NULL;"M3";"6"
"112";"tete bombée";"Cruciforme";NULL;"12";"Métal";"Acier";NULL;"M3";NULL;NULL;NULL;NULL
"113";"Vrac";"Vrac";NULL;"Vrac";"Métal";"Acier";NULL;"M8";NULL;NULL;NULL;NULL
"114";"Plate";NULL;NULL;NULL;NULL;NULL;"2.5";NULL;NULL;NULL;"10";"30"
"115";"tete cylindrique";"Hexagonal creux";NULL;"20";"Métal";"Acier 8.8";NULL;"M6";NULL;NULL;NULL;NULL
"116";"tete cylindrique";"Hexagonal creux";NULL;"16";"Métal";"Acier 8.8";NULL;"M6";NULL;NULL;NULL;NULL
"117";"1/4 de tour";NULL;NULL;NULL;NULL;"Acier";NULL;"M6";NULL;NULL;NULL;NULL
"118";"A ressort";NULL;NULL;NULL;NULL;"Acier";NULL;"M6";NULL;NULL;NULL;NULL
"119";"tete bombée";"Hexagonal creux";NULL;"12";"Métal";"Acier";NULL;"M8";NULL;NULL;NULL;NULL
"120";NULL;"Hexagonal";"Femelle-Femelle";"15";NULL;"Acier";NULL;NULL;NULL;NULL;"M3";"6"
"121";NULL;"Hexagonal";"Vrac";"Vrac";NULL;"Vrac";NULL;NULL;NULL;NULL;"M8";"Vrac"
"125";"tete cylindrique";"Hexagonal creux";NULL;"25";"Métal";"Acier 8.8";NULL;"M5";NULL;NULL;NULL;NULL
"126";"tete cylindrique";"Hexagonal creux";NULL;"45";"Métal";"Acier 8.8";NULL;"M5";NULL;NULL;NULL;NULL
"127";"tete cylindrique basse";"Hexagonal creux";NULL;"14";"Métal";"Acier 8.8";NULL;"M6";NULL;NULL;NULL;NULL
"128";"Classique";NULL;NULL;NULL;NULL;"Acier";NULL;"M8";NULL;NULL;NULL;NULL
"129";"tete bombée";"Hexagonal creux";NULL;"10";"Métal";"Acier 10.9";NULL;"M6";NULL;NULL;NULL;NULL
"130";"tete bombée";"Hexagonal creux";NULL;"12";"Métal";"Acier 10.9";NULL;"M6";NULL;NULL;NULL;NULL
"131";"Plate";NULL;NULL;NULL;NULL;NULL;"1.2";NULL;NULL;NULL;"5";"12"
"132";"Plate";NULL;NULL;NULL;NULL;NULL;"0.8";NULL;NULL;NULL;"3";"8"
"133";"Plate";NULL;NULL;NULL;NULL;NULL;"1";NULL;NULL;NULL;"5";"10"
"134";"tete fendue";"Plat";NULL;"40";"Métal";"Acier";NULL;"M3";NULL;NULL;NULL;NULL
"135";"Classique";NULL;NULL;NULL;NULL;"Acier";NULL;"M6";NULL;NULL;NULL;NULL
"136";"Plat";NULL;NULL;NULL;NULL;"Acier";NULL;"M6";NULL;NULL;NULL;NULL
"137";"tete fraisée";"Plat";NULL;"50";"Métal";"Acier";NULL;"M6";NULL;NULL;NULL;NULL
"138";"Vrac";"Vrac";NULL;"Vrac";"Métal";"Acier";NULL;"M6";NULL;NULL;NULL;NULL
"139";"Vrac";NULL;NULL;NULL;NULL;NULL;"Vrac";NULL;NULL;NULL;"Vrac";"Vrac"
"140";"tete bombée";"Hexagonal creux";NULL;"16";"Métal";"Acier 10.9";NULL;"M8";NULL;NULL;NULL;NULL
"141";"tete bombée";"Hexagonal creux";NULL;"25";"Métal";"Acier";NULL;"M8";NULL;NULL;NULL;NULL
"142";"Vrac";"Vrac";NULL;"Vrac";"Métal";"Acier";NULL;"M4";NULL;NULL;NULL;NULL
"143";"tete hexagonale";NULL;NULL;"25";"Métal";"Acier 4.6";NULL;"M8";NULL;NULL;NULL;NULL
"144";"Rond";"Plat";NULL;NULL;NULL;"Inox";NULL;"M8";NULL;NULL;NULL;NULL
"145";"tete hexagonale";NULL;NULL;"35";"Métal";"Acier 6.8";NULL;"M5";NULL;NULL;NULL;NULL
"146";"tete hexagonale";NULL;NULL;"16";"Métal";"Acier";NULL;"M5";NULL;NULL;NULL;NULL
"147";"tete hexagonale";NULL;NULL;"20";"Métal";"Acier 6.8";NULL;"M5";NULL;NULL;NULL;NULL
"149";"Vrac";"Vrac";NULL;"Vrac";"Métal";"Acier";NULL;"M8";NULL;NULL;NULL;NULL
"150";"tete hexagonale";NULL;NULL;"50";"Métal";"Acier 6.8";NULL;"M8";NULL;NULL;NULL;NULL
"151";"Nylstop";"Hexagonal";NULL;NULL;NULL;"Acier";NULL;"M8";NULL;NULL;NULL;NULL
"152";"tete fendue";"Cruciforme";NULL;"10";"Métal";"Acier";NULL;"M5";NULL;NULL;NULL;NULL
"153";"Borgne";"Hexagonal";NULL;NULL;NULL;"Acier";NULL;"M8";NULL;NULL;NULL;NULL
"154";"tete hexagonale";NULL;NULL;"20";"Métal";"Acier 6.8";NULL;"M8";NULL;NULL;NULL;NULL
"155";"Classique";"Hexagonal";NULL;NULL;NULL;"Acier";NULL;"M8";NULL;NULL;NULL;NULL
"156";"Classique";"Hexagonal";NULL;NULL;NULL;"Acier";NULL;"M10";NULL;NULL;NULL;NULL
"157";"Classique";"Hexagonal";NULL;NULL;NULL;"Acier";NULL;"M5";NULL;NULL;NULL;NULL
"158";"Nylstop";"Hexagonal";NULL;NULL;NULL;"Acier";NULL;"M5";NULL;NULL;NULL;NULL
"159";"Classique";"Hexagonal";NULL;NULL;NULL;"Acier";NULL;"M4";NULL;NULL;NULL;NULL
"160";"Classique";"Hexagonal";NULL;NULL;NULL;"Acier";NULL;"M3";NULL;NULL;NULL;NULL
"161";"Papillon";"Hexagonal";NULL;NULL;NULL;"Acier";NULL;"M4";NULL;NULL;NULL;NULL
"162";"Nylstop";"Hexagonal";NULL;NULL;NULL;"Acier";NULL;"M6";NULL;NULL;NULL;NULL
