"1";"Vis métrique";"sous categ-Vis métrique.jpg"
"2";"Rondelle";"sous categ-Rondelle.jpg"
"3";"Vis à bois";"sous categ-Vis à bois.jpg"
"4";"Attache cable";"sous categ-Attache cable.jpg"
"5";"Ecrou";"sous categ-Ecrou.jpg"
"6";"Entretoise";"sous categ-Entretoise.jpg"
"7";"Accouplement élastique";"sous categ-Accouplement élastique.jpg"
"8";"Vis pression";"sous categ-Vis pression.jpg"
"9";"Buté à billes";"sous categ-Buté à billes.jpg"
"10";"Fillets rapportés";"sous categ-Fillets rapportés.jpg"
"11";"Domino";"sous categ-Domino.jpg"
"12";"Ventouse";"sous categ-Ventouse.jpg"
"13";"Roulement";"sous categ-Roulement.jpg"
"14";"Rivet";"sous categ-Rivet.jpg"
"15";"Rotule";"sous categ-Rotule.jpg"
"16";"Cheville";"sous categ-Cheville.jpg"
"17";"Insert";"sous categ-Insert.jpg"
"18";"Tourillon";"sous categ-Tourillon.jpg"
"19";"Etrier";"sous categ-Etrier.jpg"
"20";"Prise";"sous categ-Prise.jpg"
"21";"Passe cable";"sous categ-Passe cable.jpg"
"22";"Pince";"sous categ-Pince.jpg"
"23";"Cache Bosch";"sous categ-Cache Bosch.jpg"
"24";"Connecteur";"sous categ-Connecteur.jpg"
"25";"Bille";"sous categ-Bille.jpg"
"26";"Vis impériale";"sous categ-Vis impériale.jpg"
"27";"Photorésistance";"sous categ-Photorésistance.jpg"
"28";"Fusible";"sous categ-Fusible.jpg"
"29";"LED";"sous categ-LED.jpg"
"30";"Ampoule";"sous categ-Ampoule.jpg"
"31";"Joint";"sous categ-Joint.jpg"
"32";"Foret";"sous categ-Foret.jpg"
"33";"Tarod";"sous categ-Tarod.jpg"
"34";"Silent bloc";"sous categ-Silent bloc.jpg"
"35";"Ecrou Bosch";"sous categ-Ecrou Bosch.jpg"
"36";"Poulie";"sous categ-Poulie.jpg"
"37";"Lames";"sous categ-Lames.jpg"
