"26";NULL;NULL;NULL;NULL;NULL;NULL;NULL;NULL;NULL;NULL;NULL;"Vrac";"Vrac"
"64";"Jack 1.3";NULL;NULL;NULL;"1";"12";"Femelle";NULL;NULL;"NULL";NULL;NULL;NULL
"65";"Rond";NULL;NULL;NULL;NULL;NULL;NULL;NULL;NULL;"NULL";"9";NULL;"7"
"86";"Vrac";NULL;NULL;NULL;NULL;NULL;NULL;NULL;NULL;"NULL";NULL;NULL;NULL
"87";"Cartouche";NULL;NULL;NULL;"Vrac";"Vrac";NULL;NULL;NULL;"NULL";"5";NULL;NULL
"88";"Classique";NULL;NULL;"Vrac";NULL;NULL;NULL;NULL;NULL;"NULL";"Vrac";NULL;NULL
"89";"Incandescente";NULL;NULL;NULL;"Vrac";"Vrac";NULL;NULL;NULL;"NULL";"Vrac";NULL;NULL
