"id_produit","photo_prod","id_sous_categ"
"2","Vis métrique-tete fraisée.jpg","1"
"1","Vis métrique-tete fraisée.jpg","1"
"3","Vis métrique-tete fraisée.jpg","1"
"4","Vis métrique-tete cylindrique.jpg","1"
"5","Vis métrique-tete fraisée.jpg","1"
"6","Vis métrique-tete bombée.jpg","1"
"7","Rondelle-Grower.jpg","2"
"8","Rondelle-Grower.jpg","2"
"9","Rondelle-Plate.jpg","2"
"10","Vis à bois-tete fraisée.jpg","3"
"11","Vis métrique-tete fendue.jpg","1"
"12","Vis métrique-tete cylindrique.jpg","1"
"13","Vis métrique-tete cylindrique.jpg","1"
"14","Attache cable-Pontet rond.jpg","4"
"15","Vis métrique-Vrac.jpg","1"
"16","Ecrou-Classique.jpg","5"
"17","Ecrou-Nylstop.jpg","5"
"18","Entretoise-.jpg","6"
"19","Entretoise-.jpg","6"
"20","Entretoise-.jpg","6"
"21","Entretoise-.jpg","6"
"22","Accouplement élastique-.jpg","7"
"23","Vis pression-.jpg","8"
"24","Buté à billes-.jpg","9"
"25","Fillets rapportés-.jpg","10"
"26","Domino-.jpg","11"
"27","Rondelle-Plate.jpg","2"
"28","Rondelle-Plate.jpg","2"
"29","Vis métrique-tete cylindrique.jpg","1"
"30","Vis métrique-tete fraisée.jpg","1"
"31","Vis métrique-tete hexagonale.jpg","1"
"32","Vis métrique-tete bombée.jpg","1"
"33","Vis métrique-tete bombée.jpg","1"
"34","Vis métrique-tete bombée.jpg","1"
"35","Vis métrique-tete hexagonale.jpg","1"
"36","Ventouse-.jpg","12"
"37","Vis métrique-tete hexagonale.jpg","1"
"38","Vis métrique-tete hexagonale.jpg","1"
"39","Vis métrique-tete bombée.jpg","1"
"40","Rondelle-Plate.jpg","2"
"41","Ecrou-Frein.jpg","5"
"42","Vis métrique-tete hexagonale.jpg","1"
"43","Vis à bois-tete fraisée.jpg","3"
"44","Vis à bois-tete fraisée.jpg","3"
"45","Roulement-Linéaire.jpg","13"
