"1";"Vis métrique-tete fraisée.jpg";"1"
"2";"Vis métrique-tete fraisée.jpg";"1"
"3";"Vis métrique-tete fraisée.jpg";"1"
"4";"Vis métrique-tete cylindrique.jpg";"1"
"5";"Vis métrique-tete fraisée.jpg";"1"
"6";"Vis métrique-tete bombée.jpg";"1"
"7";"Rondelle-Grower.jpg";"2"
"8";"Rondelle-Grower.jpg";"2"
"9";"Rondelle-Plate.jpg";"2"
"10";"Vis à bois-tete fraisée.jpg";"3"
"11";"Vis métrique-tete fendue.jpg";"1"
"12";"Vis métrique-tete cylindrique.jpg";"1"
"13";"Vis métrique-tete cylindrique.jpg";"1"
"14";"Attache cable-Pontet rond.jpg";"4"
"15";"Vis métrique-Vrac.jpg";"1"
"16";"Ecrou-Classique.jpg";"5"
"17";"Ecrou-Nylstop.jpg";"5"
"18";"Entretoise-.jpg";"6"
"19";"Entretoise-.jpg";"6"
"20";"Entretoise-.jpg";"6"
"21";"Entretoise-.jpg";"6"
"22";"Accouplement élastique-.jpg";"7"
"23";"Vis pression-.jpg";"8"
"24";"Buté à billes-.jpg";"9"
"25";"Fillets rapportés-.jpg";"10"
"26";"Domino-.jpg";"11"
"27";"Rondelle-Plate.jpg";"2"
"28";"Rondelle-Plate.jpg";"2"
"29";"Vis métrique-tete cylindrique.jpg";"1"
"30";"Vis métrique-tete fraisée.jpg";"1"
"31";"Vis métrique-tete hexagonale.jpg";"1"
"32";"Vis métrique-tete bombée.jpg";"1"
"33";"Vis métrique-tete bombée.jpg";"1"
"34";"Vis métrique-tete bombée.jpg";"1"
"35";"Vis métrique-tete hexagonale.jpg";"1"
"36";"Ventouse-.jpg";"12"
"37";"Vis métrique-tete hexagonale.jpg";"1"
"38";"Vis métrique-tete hexagonale.jpg";"1"
"39";"Vis métrique-tete bombée.jpg";"1"
"40";"Rondelle-Plate.jpg";"2"
"41";"Ecrou-Frein.jpg";"5"
"42";"Vis métrique-tete hexagonale.jpg";"1"
"43";"Vis à bois-tete fraisée.jpg";"3"
"44";"Vis à bois-tete fraisée.jpg";"3"
"45";"Roulement-Linéaire.jpg";"13"
"46";"Roulement-Linéaire.jpg";"13"
"47";"Rivet-tête fraisée.jpg";"14"
"48";"Rivet-tête large.jpg";"14"
"49";"Rivet-tête bombée.jpg";"14"
"50";"Vis métrique-tête bombée.jpg";"1"
"51";"Rotule-.jpg";"15"
"52";"Attache cable-Pontet.jpg";"4"
"53";"Vis à bois-tête fraisée.jpg";"3"
"54";"Cheville-à expension.jpg";"16"
"55";"Vis métrique-Poelier.jpg";"1"
"56";"Insert-fileté.jpg";"17"
"57";"Vis métrique-tete cylindrique.jpg";"1"
"58";"Vis métrique-tete fraisée.jpg";"1"
"59";"Vis métrique-tete fraisée.jpg";"1"
"60";"Tourillon-Rayé.jpg";"18"
"61";"Cheville-à frapper.jpg";"16"
"62";"Vis métrique-tete fendue.jpg";"1"
"63";"Etrier-Cylindrique.jpg";"19"
"64";"Prise-Jack 1.3.jpg";"20"
"65";"Passe cable-Rond.jpg";"21"
"66";"Vis métrique-tete hexagonale.jpg";"1"
"67";"Vis métrique-tete fraisée.jpg";"1"
"68";"Vis métrique-tete hexagonale.jpg";"1"
"69";"Vis métrique-tete fendue.jpg";"1"
"70";"Vis métrique-tete fendue.jpg";"1"
"71";"Pince-Crocodile.jpg";"22"
"72";"Cache Bosch-Bout.jpg";"23"
"73";"Cache Bosch-Equerre.jpg";"23"
"74";"Connecteur-Banane.jpg";"24"
"75";"Roulement-Classique.jpg";"13"
"76";"Bille-Verre.jpg";"25"
"77";"Vis métrique-tete fendue.jpg";"1"
"78";"Vis à bois-tete fraisée.jpg";"3"
"79";"Vis à bois-Vrac.jpg";"3"
"80";"Vis métrique-Tête ronde.jpg";"1"
"81";"Cheville-à expension.jpg";"16"
"82";"Vis métrique-tete cylindrique.jpg";"1"
"83";"Vis métrique-tete cylindrique.jpg";"1"
"84";"Roulement-Classique.jpg";"13"
"85";"Vis impériale-tete cylindrique.jpg";"26"
"86";"Photorésistance-Vrac.jpg";"27"
"87";"Fusible-Cartouche.jpg";"28"
"88";"LED-Classique.jpg";"29"
"89";"Ampoule-Incandescente.jpg";"30"
"90";"Insert-fileté.jpg";"17"
"91";"Vis métrique-tete bombée.jpg";"1"
"92";"Rondelle-Plate.jpg";"2"
"93";"Ecrou-A griffe.jpg";"5"
"94";"Ecrou-Papillon.jpg";"5"
"95";"Vis métrique-tete cylindrique.jpg";"1"
"96";"Bille-Acier.jpg";"25"
"97";"Vis métrique-tete cylindrique.jpg";"1"
"98";"Vis métrique-tete hexagonale.jpg";"1"
"99";"Joint-Vrac.jpg";"31"
"100";"Vis métrique-tete fraisée.jpg";"1"
"101";"Vis métrique-tete fraisée.jpg";"1"
"102";"Foret-Vrac.jpg";"32"
"103";"Tarod-Vrac.jpg";"33"
"104";"Vis métrique-tete cylindrique.jpg";"1"
"105";"Entretoise-.jpg";"6"
"106";"Entretoise-.jpg";"6"
"107";"Vis métrique-tete cylindrique.jpg";"1"
"108";"Vis métrique-tete cylindrique.jpg";"1"
"109";"Vis métrique-tete fraisée.jpg";"1"
"110";"Silent bloc-Nema 17.jpg";"34"
"111";"Entretoise-.jpg";"6"
"112";"Vis métrique-tete bombée.jpg";"1"
"113";"Vis métrique-Vrac.jpg";"1"
"114";"Rondelle-Plate.jpg";"2"
"115";"Vis métrique-tete cylindrique.jpg";"1"
"116";"Vis métrique-tete cylindrique.jpg";"1"
"117";"Ecrou Bosch-1/4 de tour.jpg";"35"
"118";"Ecrou Bosch-A ressort.jpg";"35"
"119";"Vis métrique-tete bombée.jpg";"1"
"120";"Entretoise-.jpg";"6"
"121";"Entretoise-.jpg";"6"
"122";"Poulie-GT2.jpg";"36"
"123";"Poulie-GT2.jpg";"36"
"124";"Poulie-Vrac.jpg";"36"
"125";"Vis métrique-tete cylindrique.jpg";"1"
"126";"Vis métrique-tete cylindrique.jpg";"1"
"127";"Vis métrique-tete cylindrique basse.jpg";"1"
"128";"Ecrou Bosch-Classique.jpg";"35"
"129";"Vis métrique-tete bombée.jpg";"1"
"130";"Vis métrique-tete bombée.jpg";"1"
"131";"Rondelle-Plate.jpg";"2"
"132";"Rondelle-Plate.jpg";"2"
"133";"Rondelle-Plate.jpg";"2"
"134";"Vis métrique-tete fendue.jpg";"1"
"135";"Ecrou Bosch-Classique.jpg";"35"
"136";"Ecrou Bosch-Plat.jpg";"35"
"137";"Vis métrique-tete fraisée.jpg";"1"
"138";"Vis métrique-Vrac.jpg";"1"
"139";"Rondelle-Vrac.jpg";"2"
"140";"Vis métrique-tete bombée.jpg";"1"
"141";"Vis métrique-tete bombée.jpg";"1"
"142";"Vis métrique-Vrac.jpg";"1"
"143";"Vis métrique-tete hexagonale.jpg";"1"
"144";"Ecrou-Rond.jpg";"5"
"145";"Vis métrique-tete hexagonale.jpg";"1"
"146";"Vis métrique-tete hexagonale.jpg";"1"
"147";"Vis métrique-tete hexagonale.jpg";"1"
"148";"Lames-Vrac.jpg";"37"
"149";"Vis métrique-Vrac.jpg";"1"
"150";"Vis métrique-tete hexagonale.jpg";"1"
"151";"Ecrou-Nylstop.jpg";"5"
"152";"Vis métrique-tete fendue.jpg";"1"
"153";"Ecrou-Borgne.jpg";"5"
"154";"Vis métrique-tete hexagonale.jpg";"1"
"155";"Ecrou-Classique.jpg";"5"
"156";"Ecrou-Classique.jpg";"5"
"157";"Ecrou-Classique.jpg";"5"
"158";"Ecrou-Nylstop.jpg";"5"
"159";"Ecrou-Classique.jpg";"5"
"160";"Ecrou-Classique.jpg";"5"
"161";"Ecrou-Papillon.jpg";"5"
"162";"Ecrou-Nylstop.jpg";"5"
